CB(Vd=4.5: Vg=2.5) X,CB(Vd=4.5: Vg=2.5) Y,VB(Vd=4.5: Vg=2.5) X,VB(Vd=4.5: Vg=2.5) Y,CB(Vd=1.6: Vg=2.5) X,CB(Vd=1.6: Vg=2.5) Y,VB(Vd=1.6: Vg=2.5) X,VB(Vd=1.6: Vg=2.5) Y,CB(Vd=0.2: Vg=2.5) X,CB(Vd=0.2: Vg=2.5) Y,VB(Vd=0.2: Vg=2.5) X,VB(Vd=0.2: Vg=2.5) Y,CB(Vd=0.0: Vg=0.0) X,CB(Vd=0.0: Vg=0.0) Y,VB(Vd=0.0: Vg=0.0) X,VB(Vd=0.0: Vg=0.0) Y
-1.5,0.16394459,-1.5,-0.96021464,-1.5,0.1639617,-1.5,-0.96019753,-1.5,0.16409307,-1.5,-0.96006616,-1.5,0.16410764,-1.5,-0.96005159
-1.4689213,0.16393523,-1.4689213,-0.960224,-1.4689213,0.16395331,-1.4689213,-0.96020592,-1.4689213,0.16409223,-1.4689213,-0.960067,-1.4689213,0.16410764,-1.4689213,-0.96005159
-1.40625,0.16393523,-1.40625,-0.960224,-1.40625,0.16395331,-1.40625,-0.96020592,-1.40625,0.16409223,-1.40625,-0.960067,-1.40625,0.16410764,-1.40625,-0.96005159
-1.3751713,0.16390585,-1.3751713,-0.96025339,-1.3751713,0.16392699,-1.3751713,-0.96023224,-1.3751713,0.16408959,-1.3751713,-0.96006964,-1.3751713,0.16410764,-1.3751713,-0.96005159
-1.3125,0.16390585,-1.3125,-0.96025339,-1.3125,0.16392699,-1.3125,-0.96023224,-1.3125,0.16408959,-1.3125,-0.96006964,-1.3125,0.16410764,-1.3125,-0.96005159
-1.2814213,0.16385199,-1.2814213,-0.96030724,-1.2814213,0.16387874,-1.2814213,-0.96028049,-1.2814213,0.16408474,-1.2814213,-0.96007449,-1.2814213,0.16410764,-1.2814213,-0.96005159
-1.21875,0.16385199,-1.21875,-0.96030724,-1.21875,0.16387874,-1.21875,-0.96028049,-1.21875,0.16408474,-1.21875,-0.96007449,-1.21875,0.16410764,-1.21875,-0.96005159
-1.1876713,0.16376421,-1.1876713,-0.96039502,-1.1876713,0.16380004,-1.1876713,-0.96035919,-1.1876713,0.1640768,-1.1876713,-0.96008243,-1.1876713,0.16410764,-1.1876713,-0.96005159
-1.125,0.16376421,-1.125,-0.96039502,-1.125,0.16380004,-1.125,-0.96035919,-1.125,0.1640768,-1.125,-0.96008243,-1.125,0.16410764,-1.125,-0.96005159
-1.0939213,0.16362321,-1.0939213,-0.96053603,-1.0939213,0.16367348,-1.0939213,-0.96048575,-1.0939213,0.16406393,-1.0939213,-0.9600953,-1.0939213,0.16410764,-1.0939213,-0.96005159
-1.03125,0.16362321,-1.03125,-0.96053603,-1.03125,0.16367348,-1.03125,-0.96048575,-1.03125,0.16406393,-1.03125,-0.9600953,-1.03125,0.16410764,-1.03125,-0.96005159
-1.0001713,0.16338615,-1.0001713,-0.96077309,-1.0001713,0.16346029,-1.0001713,-0.96069894,-1.0001713,0.16404196,-1.0001713,-0.96011727,-1.0001713,0.16410765,-1.0001713,-0.96005159
-0.9375,0.16338615,-0.9375,-0.96077309,-0.9375,0.16346029,-0.9375,-0.96069894,-0.9375,0.16404196,-0.9375,-0.96011727,-0.9375,0.16410765,-0.9375,-0.96005159
-0.9064213,0.16294244,-0.9064213,-0.96121679,-0.9064213,0.16306006,-0.9064213,-0.96109917,-0.9064213,0.16399982,-0.9064213,-0.96015941,-0.9064213,0.16410772,-0.9064213,-0.96005151
-0.84375,0.16294244,-0.84375,-0.96121679,-0.84375,0.16306006,-0.84375,-0.96109917,-0.84375,0.16399982,-0.84375,-0.96015941,-0.84375,0.16410772,-0.84375,-0.96005151
-0.8126713,0.16204815,-0.8126713,-0.96211108,-0.8126713,0.16224975,-0.8126713,-0.96190948,-0.8126713,0.16391155,-0.8126713,-0.96024768,-0.8126713,0.16410943,-0.8126713,-0.9600498
-0.75,0.16204815,-0.75,-0.96211108,-0.75,0.16224975,-0.75,-0.96190948,-0.75,0.16391155,-0.75,-0.96024768,-0.75,0.16410943,-0.75,-0.9600498
-0.6819405,0.15913419,-0.6819405,-0.96502504,-0.6819405,0.15959609,-0.6819405,-0.96456314,-0.6819405,0.16361066,-0.6819405,-0.96054857,-0.6819405,0.16416716,-0.6819405,-0.95999207
-0.65625,0.15913419,-0.65625,-0.96502504,-0.65625,0.15959609,-0.65625,-0.96456314,-0.65625,0.16361066,-0.65625,-0.96054857,-0.65625,0.16416716,-0.65625,-0.95999207
-0.62222022,0.15445811,-0.62222022,-0.96970112,-0.62222022,0.15531308,-0.62222022,-0.96884615,-0.62222022,0.16311857,-0.62222022,-0.96104066,-0.62222022,0.16481912,-0.62222022,-0.95934011
-0.609375,0.15445811,-0.609375,-0.96970112,-0.609375,0.15531308,-0.609375,-0.96884615,-0.609375,0.16311857,-0.609375,-0.96104066,-0.609375,0.16481912,-0.609375,-0.95934011
-0.59236014,0.14922973,-0.59236014,-0.9749295,-0.59236014,0.15050178,-0.59236014,-0.97365745,-0.59236014,0.16258099,-0.59236014,-0.96157824,-0.59236014,0.16698314,-0.59236014,-0.95717609
-0.5859375,0.14922973,-0.5859375,-0.9749295,-0.5859375,0.15050178,-0.5859375,-0.97365745,-0.5859375,0.16258099,-0.5859375,-0.96157824,-0.5859375,0.16698314,-0.5859375,-0.95717609
-0.57514238,0.14619752,-0.57514238,-0.97796172,-0.57514238,0.1476927,-0.57514238,-0.97646653,-0.57514238,0.16224251,-0.57514238,-0.96191672,-0.57514238,0.16881752,-0.57514238,-0.95534171
-0.5625,0.13899112,-0.5625,-0.98516811,-0.5625,0.14103572,-0.5625,-0.98312351,-0.5625,0.1614988,-0.5625,-0.96266043,-0.5625,0.17388834,-0.5625,-0.9502709
-0.55617881,0.13206909,-0.55617881,-0.99209014,-0.55617881,0.13460359,-0.55617881,-0.98955564,-0.55617881,0.16076281,-0.55617881,-0.96339642,-0.55617881,0.18093448,-0.55617881,-0.94322475
-0.55078125,0.12908717,-0.55078125,-0.99507207,-0.55078125,0.13182475,-0.55078125,-0.99233448,-0.55078125,0.16041404,-0.55078125,-0.96374519,-0.55078125,0.18362097,-0.55078125,-0.94053826
-0.54446006,0.11896233,-0.54446006,-1.0051969,-0.54446006,0.12238132,-0.54446006,-1.0017779,-0.54446006,0.15927696,-0.54446006,-0.96488227,-0.54446006,0.19510162,-0.54446006,-0.92905761
-0.5390625,0.11402654,-0.5390625,-1.0101327,-0.5390625,0.11776063,-0.5390625,-1.0063986,-0.5390625,0.15865385,-0.5390625,-0.96550538,-0.5390625,0.20007746,-0.5390625,-0.92408177
-0.52826738,0.086922455,-0.52826738,-1.0372368,-0.52826738,0.092313195,-0.52826738,-1.031846,-0.52826738,0.15503804,-0.52826738,-0.96912119,-0.52826738,0.22896035,-0.52826738,-0.89519888
-0.52734375,0.084437789,-0.52734375,-1.0397214,-0.52734375,0.089988186,-0.52734375,-1.034171,-0.52734375,0.15475269,-0.52734375,-0.96940654,-0.52734375,0.23192514,-0.52734375,-0.89223409
-0.52194619,0.063404116,-0.52194619,-1.0607551,-0.52194619,0.070152662,-0.52194619,-1.0540066,-0.52194619,0.15168555,-0.52194619,-0.97247368,-0.52194619,0.25465984,-0.52194619,-0.86949939
-0.52102256,0.059489664,-0.52102256,-1.0646696,-0.52102256,0.066474557,-0.52102256,-1.0576847,-0.52102256,0.15119105,-0.52102256,-0.97296818,-0.52102256,0.25921005,-0.52102256,-0.86494918
-0.515625,0.03118079,-0.515625,-1.0929784,-0.515625,0.039709886,-0.515625,-1.0844493,-0.515625,0.14677852,-0.515625,-0.97738071,-0.515625,0.28913135,-0.515625,-0.83502788
-0.51022744,-0.0095570684,-0.51022744,-1.1337163,-0.51022744,0.0011317272,-0.51022744,-1.1230275,-0.51022744,0.14012427,-0.51022744,-0.98403496,-0.51022744,0.33002568,-0.51022744,-0.79413355
-0.50930381,-0.016170251,-0.50930381,-1.1403295,-0.50930381,-0.0050937514,-0.50930381,-1.129253,-0.50930381,0.13926727,-0.50930381,-0.98489196,-0.50930381,0.33705363,-0.50930381,-0.7871056
-0.50390625,-0.071752551,-0.50390625,-1.1959118,-0.50390625,-0.057811043,-0.50390625,-1.1819703,-0.50390625,0.12957009,-0.50390625,-0.99458914,-0.50390625,0.38944686,-0.50390625,-0.73471237
-0.50359839,-0.074630945,-0.50359839,-1.1987902,-0.50359839,-0.060520313,-0.50359839,-1.1846795,-0.50359839,0.12921232,-0.50359839,-0.99494691,-0.50359839,0.39230306,-0.50359839,-0.73185617
-0.5,-0.12093774,-0.5,-1.245097,-0.5,-0.10441938,-0.5,-1.2285786,-0.5,0.12108901,-0.5,-1.0030702,-0.5,0.43286298,-0.5,-0.69129625
-0.5,-0.12093774,-0.5,-1.245097,-0.5,-0.10441938,-0.5,-1.2285786,-0.5,0.12108901,-0.5,-1.0030702,-0.5,0.43286298,-0.5,-0.69129625
-0.4982008,-0.1461943,-0.4982008,-1.2703535,-0.4982008,-0.12834094,-0.4982008,-1.2525002,-0.4982008,0.11645306,-0.4982008,-1.0077062,-0.4982008,0.45338269,-0.4982008,-0.67077654
-0.49758506,-0.15249902,-0.49758506,-1.2766582,-0.49758506,-0.1342689,-0.49758506,-1.2584281,-0.49758506,0.11556773,-0.49758506,-1.0085915,-0.49758506,0.45900393,-0.49758506,-0.6651553
-0.4921875,-0.23279769,-0.4921875,-1.3569569,-0.4921875,-0.21015491,-0.4921875,-1.3343141,-0.4921875,0.10079406,-0.4921875,-1.0233652,-0.4921875,0.51911135,-0.4921875,-0.60504788
-0.48678994,-0.30734474,-0.48678994,-1.431504,-0.48678994,-0.27999115,-0.48678994,-1.4041504,-0.48678994,0.088979289,-0.48678994,-1.0351799,-0.48678994,0.57203764,-0.48678994,-0.55212159
-0.48586631,-0.31620934,-0.48586631,-1.4403686,-0.48586631,-0.28827337,-0.48586631,-1.4124326,-0.48586631,0.087837756,-0.48586631,-1.0363215,-0.48586631,0.57938644,-0.48586631,-0.54477279
-0.48046875,-0.37833292,-0.48046875,-1.5024922,-0.48046875,-0.34598342,-0.48046875,-1.4701427,-0.48046875,0.079669577,-0.48046875,-1.0444897,-0.48046875,0.62458707,-0.48046875,-0.49957216
-0.47507119,-0.42534071,-0.47507119,-1.5494999,-0.47507119,-0.38930737,-0.47507119,-1.5134666,-0.47507119,0.074869468,-0.47507119,-1.0492898,-0.47507119,0.66167484,-0.47507119,-0.46248439
-0.47414756,-0.4320864,-0.47414756,-1.5562456,-0.47414756,-0.39555642,-0.47414756,-1.5197157,-0.47414756,0.074235276,-0.47414756,-1.049924,-0.47414756,0.66740089,-0.47414756,-0.45675834
-0.46875,-0.46925692,-0.46875,-1.5934162,-0.46875,-0.42968744,-0.46875,-1.5538467,-0.46875,0.071013981,-0.46875,-1.0531453,-0.46875,0.69878797,-0.46875,-0.42537126
-0.46335244,-0.49716044,-0.46335244,-1.6213197,-0.46335244,-0.45520595,-0.46335244,-1.5793652,-0.46335244,0.069238727,-0.46335244,-1.0549205,-0.46335244,0.72461798,-0.46335244,-0.39954125
-0.46242881,-0.50189129,-0.46242881,-1.6260505,-0.46242881,-0.45956048,-0.46242881,-1.5837197,-0.46242881,0.068953188,-0.46242881,-1.055206,-0.46242881,0.72893493,-0.46242881,-0.3952243
-0.45703125,-0.52483198,-0.45703125,-1.6489912,-0.45703125,-0.48051886,-0.45703125,-1.6046781,-0.45703125,0.06759711,-0.45703125,-1.0565621,-0.45703125,0.75114167,-0.45703125,-0.37301757
-0.45163369,-0.54287927,-0.45163369,-1.6670385,-0.45163369,-0.49694049,-0.45163369,-1.6210997,-0.45163369,0.066907673,-0.45163369,-1.0572516,-0.45163369,0.76974978,-0.45163369,-0.35440945
-0.45071006,-0.54629383,-0.45071006,-1.6704531,-0.45071006,-0.50006531,-0.45071006,-1.6242245,-0.45071006,0.066792262,-0.45071006,-1.057367,-0.45071006,0.77303833,-0.45071006,-0.3511209
-0.4453125,-0.56186111,-0.4453125,-1.6860203,-0.4453125,-0.51418133,-0.4453125,-1.6383406,-0.4453125,0.066142355,-0.4453125,-1.0580169,-0.4453125,0.78930974,-0.4453125,-0.33484949
-0.43991494,-0.57461679,-0.43991494,-1.698776,-0.43991494,-0.52568212,-0.43991494,-1.6498413,-0.43991494,0.065886392,-0.43991494,-1.0582728,-0.43991494,0.80317265,-0.43991494,-0.32098658
-0.43899131,-0.5771728,-0.43899131,-1.701332,-0.43899131,-0.52800121,-0.43899131,-1.6521604,-0.43899131,0.065855757,-0.43899131,-1.0583035,-0.43899131,0.80571183,-0.43899131,-0.3184474
-0.43359375,-0.58855345,-0.43359375,-1.7127127,-0.43359375,-0.5382376,-0.43359375,-1.6623968,-0.43359375,0.065509977,-0.43359375,-1.0586493,-0.43359375,0.81799443,-0.43359375,-0.3061648
-0.42819619,-0.59822722,-0.42819619,-1.7223865,-0.42819619,-0.54688644,-0.42819619,-1.6710457,-0.42819619,0.065444064,-0.42819619,-1.0587152,-0.42819619,0.82861271,-0.42819619,-0.29554653
-0.42727256,-0.60023192,-0.42727256,-1.7243911,-0.42727256,-0.5486862,-0.42727256,-1.6728454,-0.42727256,0.065453371,-0.42727256,-1.0587059,-0.42727256,0.83061162,-0.42727256,-0.29354761
-0.421875,-0.60910824,-0.421875,-1.7332675,-0.421875,-0.55659245,-0.421875,-1.6807517,-0.421875,0.065248031,-0.421875,-1.0589112,-0.421875,0.84010662,-0.421875,-0.28405261
-0.41647744,-0.61683616,-0.41647744,-1.7409954,-0.41647744,-0.56341267,-0.41647744,-1.6875719,-0.41647744,0.065273924,-0.41647744,-1.0588853,-0.41647744,0.84838635,-0.41647744,-0.27577288
-0.41555381,-0.61844501,-0.41555381,-1.7426042,-0.41555381,-0.56483871,-0.41555381,-1.6889979,-0.41555381,0.065305067,-0.41555381,-1.0588542,-0.41555381,0.84997156,-0.41555381,-0.27418767
-0.41015625,-0.62564955,-0.41015625,-1.7498088,-0.41015625,-0.5711427,-0.41015625,-1.6953019,-0.41015625,0.065171116,-0.41015625,-1.0589881,-0.41015625,0.85741583,-0.41015625,-0.26674341
-0.40475869,-0.63204752,-0.40475869,-1.7562068,-0.40475869,-0.57668125,-0.40475869,-1.7008405,-0.40475869,0.065237933,-0.40475869,-1.0589213,-0.40475869,0.86395245,-0.40475869,-0.26020678
-0.40383506,-0.63338453,-0.40383506,-1.7575438,-0.40383506,-0.5778494,-0.40383506,-1.7020086,-0.40383506,0.065277663,-0.40383506,-1.0588816,-0.40383506,0.86522332,-0.40383506,-0.25893591
-0.3984375,-0.63939597,-0.3984375,-1.7635552,-0.3984375,-0.58302067,-0.3984375,-1.7071799,-0.3984375,0.06517609,-0.3984375,-1.0589831,-0.3984375,0.87111715,-0.3984375,-0.25304209
-0.39303994,-0.64480125,-0.39303994,-1.7689605,-0.39303994,-0.58763243,-0.39303994,-1.7117917,-0.39303994,0.06526096,-0.39303994,-1.0588983,-0.39303994,0.87630137,-0.39303994,-0.24785786
-0.39211631,-0.64592662,-0.39211631,-1.7700859,-0.39211631,-0.58859967,-0.39211631,-1.7127589,-0.39211631,0.06530534,-0.39211631,-1.0588539,-0.39211631,0.87731801,-0.39211631,-0.24684122
-0.38671875,-0.65106557,-0.38671875,-1.7752248,-0.38671875,-0.59298082,-0.38671875,-1.7171401,-0.38671875,0.065218972,-0.38671875,-1.0589403,-0.38671875,0.88199466,-0.38671875,-0.24216457
-0.38132119,-0.6557713,-0.38132119,-1.7799305,-0.38132119,-0.59696071,-0.38132119,-1.7211199,-0.38132119,0.065305639,-0.38132119,-1.0588536,-0.38132119,0.88611389,-0.38132119,-0.23804534
-0.38039756,-0.65674487,-0.38039756,-1.7809041,-0.38039756,-0.59778551,-0.38039756,-1.7219447,-0.38039756,0.065349215,-0.38039756,-1.05881,-0.38039756,0.88692945,-0.38039756,-0.23722978
-0.375,-0.66128428,-0.375,-1.7854435,-0.375,-0.6016233,-0.375,-1.7257825,-0.375,0.065264495,-0.375,-1.0588947,-0.375,0.89064241,-0.375,-0.23351682
-0.36960244,-0.66548543,-0.36960244,-1.7896447,-0.36960244,-0.60514502,-0.36960244,-1.7293042,-0.36960244,0.065347036,-0.36960244,-1.0588122,-0.36960244,0.89390362,-0.36960244,-0.23025561
-0.36867881,-0.66633678,-0.36867881,-1.790496,-0.36867881,-0.60585711,-0.36867881,-1.7300163,-0.36867881,0.065389656,-0.36867881,-1.0587696,-0.36867881,0.89455173,-0.36867881,-0.22960751
-0.36328125,-0.67043506,-0.36328125,-1.7945943,-0.36328125,-0.60929425,-0.36328125,-1.7334535,-0.36328125,0.065302107,-0.36328125,-1.0588571,-0.36328125,0.89748564,-0.36328125,-0.22667359
-0.35788369,-0.67427433,-0.35788369,-1.7984336,-0.35788369,-0.61248806,-0.35788369,-1.7366473,-0.35788369,0.06537357,-0.35788369,-1.0587857,-0.35788369,0.90005874,-0.35788369,-0.22410049
-0.35696006,-0.67503947,-0.35696006,-1.7991987,-0.35696006,-0.61312191,-0.35696006,-1.7372811,-0.35696006,0.065412145,-0.35696006,-1.0587471,-0.35696006,0.9005733,-0.35696006,-0.22358593
-0.3515625,-0.67882118,-0.3515625,-1.8029804,-0.3515625,-0.61627374,-0.3515625,-1.740433,-0.3515625,0.065315486,-0.3515625,-1.0588437,-0.3515625,0.90288358,-0.3515625,-0.22127565
-0.34616494,-0.68238847,-0.34616494,-1.8065477,-0.34616494,-0.61922296,-0.34616494,-1.7433822,-0.34616494,0.065375021,-0.34616494,-1.0587842,-0.34616494,0.90489999,-0.34616494,-0.21925924
-0.34524131,-0.68308448,-0.34524131,-1.8072437,-0.34524131,-0.6197945,-0.34524131,-1.7439537,-0.34524131,0.06541058,-0.34524131,-1.0587487,-0.34524131,0.90530364,-0.34524131,-0.21885559
-0.33984375,-0.68662806,-0.33984375,-1.8107873,-0.33984375,-0.62273259,-0.33984375,-1.7468918,-0.33984375,0.065304367,-0.33984375,-1.0588549,-0.33984375,0.90710996,-0.33984375,-0.21704927
-0.33444619,-0.68999996,-0.33444619,-1.8141592,-0.33444619,-0.62550672,-0.33444619,-1.749666,-0.33444619,0.06534837,-0.33444619,-1.0588109,-0.33444619,0.90868247,-0.33444619,-0.21547676
-0.33352256,-0.6906483,-0.33352256,-1.8148075,-0.33352256,-0.62603548,-0.33352256,-1.7501947,-0.33352256,0.065378779,-0.33352256,-1.0587805,-0.33352256,0.90899869,-0.33352256,-0.21516054
-0.328125,-0.69402235,-0.328125,-1.8181816,-0.328125,-0.62882118,-0.328125,-1.7529804,-0.328125,0.065259568,-0.328125,-1.0588997,-0.328125,0.91040493,-0.328125,-0.2137543
-0.32272744,-0.69724728,-0.32272744,-1.8214065,-0.32272744,-0.63146294,-0.32272744,-1.7556222,-0.32272744,0.065289297,-0.32272744,-1.0588699,-0.32272744,0.91162203,-0.32272744,-0.2125372
-0.32180381,-0.69785644,-0.32180381,-1.8220157,-0.32180381,-0.63195638,-0.32180381,-1.7561156,-0.32180381,0.065316129,-0.32180381,-1.0588431,-0.32180381,0.91186653,-0.32180381,-0.2122927
-0.31640625,-0.70110264,-0.31640625,-1.8252619,-0.31640625,-0.63462625,-0.31640625,-1.7587855,-0.31640625,0.065185188,-0.31640625,-1.058974,-0.31640625,0.91295323,-0.31640625,-0.211206
-0.31100869,-0.70422485,-0.31100869,-1.8283841,-0.31100869,-0.63717472,-0.31100869,-1.761334,-0.31100869,0.065198272,-0.31100869,-1.058961,-0.31100869,0.91389121,-0.31100869,-0.21026802
-0.31008506,-0.70480809,-0.31008506,-1.8289673,-0.31008506,-0.63764482,-0.31008506,-1.7618041,-0.31008506,0.065219706,-0.31008506,-1.0589395,-0.31008506,0.91408038,-0.31008506,-0.21007886
-0.3046875,-0.70796647,-0.3046875,-1.8321257,-0.3046875,-0.64023407,-0.3046875,-1.7643933,-0.3046875,0.065074596,-0.3046875,-1.0590846,-0.3046875,0.91491749,-0.3046875,-0.20924174
-0.29928994,-0.71101315,-0.29928994,-1.8351724,-0.29928994,-0.64271229,-0.29928994,-1.7668715,-0.29928994,0.065073027,-0.29928994,-1.0590862,-0.29928994,0.91563552,-0.29928994,-0.20852371
-0.29836631,-0.71157483,-0.29836631,-1.8357341,-0.29836631,-0.64316254,-0.29836631,-1.7673218,-0.29836631,0.065090803,-0.29836631,-1.0590684,-0.29836631,0.91578009,-0.29836631,-0.20837914
-0.29296875,-0.71466892,-0.29296875,-1.8388282,-0.29296875,-0.64569081,-0.29296875,-1.76985,-0.29296875,0.064933454,-0.29296875,-1.0592258,-0.29296875,0.91642086,-0.29296875,-0.20773837
-0.28757119,-0.71766676,-0.28757119,-1.841826,-0.28757119,-0.64812167,-0.28757119,-1.7722809,-0.28757119,0.064915517,-0.28757119,-1.0592437,-0.28757119,0.91696873,-0.28757119,-0.2071905
-0.28664756,-0.71821539,-0.28664756,-1.8423746,-0.28664756,-0.64855961,-0.28664756,-1.7727188,-0.28664756,0.064928024,-0.28664756,-1.0592312,-0.28664756,0.9170795,-0.28664756,-0.20707973
-0.28125,-0.72126948,-0.28125,-1.8454287,-0.28125,-0.65104765,-0.28125,-1.7752069,-0.28125,0.064756631,-0.28125,-1.0594026,-0.28125,0.91756905,-0.28125,-0.20659018
-0.27585244,-0.72423357,-0.27585244,-1.8483928,-0.27585244,-0.65344324,-0.27585244,-1.7776025,-0.27585244,0.064724807,-0.27585244,-1.0594344,-0.27585244,0.91798434,-0.27585244,-0.20617489
-0.27492881,-0.72477087,-0.27492881,-1.8489301,-0.27492881,-0.65386999,-0.27492881,-1.7780292,-0.27492881,0.064733946,-0.27492881,-1.0594253,-0.27492881,0.91806812,-0.27492881,-0.20609111
-0.26953125,-0.72779817,-0.26953125,-1.8519574,-0.26953125,-0.65632827,-0.26953125,-1.7804875,-0.26953125,0.0645508,-0.26953125,-1.0596084,-0.26953125,0.91843997,-0.26953125,-0.20571926
-0.26413369,-0.73074612,-0.26413369,-1.8549053,-0.26413369,-0.65870362,-0.26413369,-1.7828628,-0.26413369,0.064503346,-0.26413369,-1.0596559,-0.26413369,0.91875412,-0.26413369,-0.20540512
-0.26321006,-0.73127824,-0.26321006,-1.8554375,-0.26321006,-0.6591247,-0.26321006,-1.7832839,-0.26321006,0.064507427,-0.26321006,-1.0596518,-0.26321006,0.91881783,-0.26321006,-0.2053414
-0.2578125,-0.73429526,-0.2578125,-1.8584545,-0.2578125,-0.66156725,-0.2578125,-1.7857265,-0.2578125,0.064310601,-0.2578125,-1.0598486,-0.2578125,0.91910033,-0.2578125,-0.2050589
-0.25241494,-0.73723656,-0.25241494,-1.8613958,-0.25241494,-0.66392955,-0.25241494,-1.7880888,-0.25241494,0.064249854,-0.25241494,-1.0599094,-0.25241494,0.91933666,-0.25241494,-0.20482257
-0.25149131,-0.73776425,-0.25149131,-1.8619235,-0.25149131,-0.66434517,-0.25149131,-1.7885044,-0.25149131,0.064250701,-0.25149131,-1.0599085,-0.25149131,0.91938454,-0.25149131,-0.20477469
-0.24609375,-0.7407793,-0.24609375,-1.8649385,-0.24609375,-0.66677812,-0.24609375,-1.7909373,-0.24609375,0.064042434,-0.24609375,-1.0601168,-0.24609375,0.91959831,-0.24609375,-0.20456092
-0.24069619,-0.74372621,-0.24069619,-1.8678854,-0.24069619,-0.66913759,-0.24069619,-1.7932968,-0.24069619,0.063966839,-0.24069619,-1.0601924,-0.24069619,0.91977598,-0.24069619,-0.20438325
-0.23977256,-0.74425397,-0.23977256,-1.8684132,-0.23977256,-0.66955181,-0.23977256,-1.793711,-0.23977256,0.063962866,-0.23977256,-1.0601964,-0.23977256,0.91981228,-0.23977256,-0.20434695
-0.234375,-0.7472785,-0.234375,-1.8714377,-0.234375,-0.67198463,-0.234375,-1.7961439,-0.234375,0.063741532,-0.234375,-1.0604177,-0.234375,0.91997444,-0.234375,-0.20418479
-0.22897744,-0.75023651,-0.22897744,-1.8743957,-0.22897744,-0.67434486,-0.22897744,-1.7985041,-0.22897744,0.063653761,-0.22897744,-1.0605055,-0.22897744,0.92010723,-0.22897744,-0.204052
-0.22805381,-0.7507642,-0.22805381,-1.8749234,-0.22805381,-0.67475705,-0.22805381,-1.7989163,-0.22805381,0.063646923,-0.22805381,-1.0605123,-0.22805381,0.92013438,-0.22805381,-0.20402485
-0.22265625,-0.75380303,-0.22265625,-1.8779623,-0.22265625,-0.67719276,-0.22265625,-1.801352,-0.22265625,0.063415057,-0.22265625,-1.0607442,-0.22265625,0.92025702,-0.22265625,-0.20390221
-0.21725869,-0.75678116,-0.21725869,-1.8809404,-0.21725869,-0.67956115,-0.21725869,-1.8037204,-0.21725869,0.063313589,-0.21725869,-1.0608456,-0.21725869,0.9203563,-0.21725869,-0.20380293
-0.21633506,-0.7573124,-0.21633506,-1.8814716,-0.21633506,-0.67997461,-0.21633506,-1.8041338,-0.21633506,0.063302259,-0.21633506,-1.060857,-0.21633506,0.92037688,-0.21633506,-0.20378235
-0.2109375,-0.76037415,-0.2109375,-1.8845334,-0.2109375,-0.68242023,-0.2109375,-1.8065795,-0.2109375,0.06305822,-0.2109375,-1.061101,-0.2109375,0.92047013,-0.2109375,-0.2036891
-0.20553994,-0.76337586,-0.20553994,-1.8875351,-0.20553994,-0.68479857,-0.20553994,-1.8089578,-0.20553994,0.062945724,-0.20553994,-1.0612135,-0.20553994,0.92054384,-0.20553994,-0.20361539
-0.20461631,-0.76391012,-0.20461631,-1.8880694,-0.20461631,-0.68521235,-0.20461631,-1.8093716,-0.20461631,0.06293185,-0.20461631,-1.0612274,-0.20461631,0.92055918,-0.20461631,-0.20360005
-0.19921875,-0.76699779,-0.19921875,-1.891157,-0.19921875,-0.68766925,-0.19921875,-1.8118285,-0.19921875,0.062678235,-0.19921875,-1.061481,-0.19921875,0.92062994,-0.19921875,-0.20352929
-0.19382119,-0.77002993,-0.19382119,-1.8941892,-0.19382119,-0.69006303,-0.19382119,-1.8142223,-0.19382119,0.062553355,-0.19382119,-1.0616059,-0.19382119,0.92068469,-0.19382119,-0.20347454
-0.19289756,-0.77057014,-0.19289756,-1.8947294,-0.19289756,-0.69047979,-0.19289756,-1.814639,-0.19289756,0.062535385,-0.19289756,-1.0616238,-0.19289756,0.92069636,-0.19289756,-0.20346287
-0.1875,-0.7736903,-0.1875,-1.8978495,-0.1875,-0.6929532,-0.1875,-1.8171124,-0.1875,0.062270766,-0.1875,-1.0618885,-0.1875,0.9207505,-0.1875,-0.20340873
-0.18210244,-0.77675485,-0.18210244,-1.9009141,-0.18210244,-0.69536284,-0.18210244,-1.8195221,-0.18210244,0.062136348,-0.18210244,-1.0620229,-0.18210244,0.92079068,-0.18210244,-0.20336855
-0.18117881,-0.77730014,-0.18117881,-1.9014594,-0.18117881,-0.6957813,-0.18117881,-1.8199405,-0.18117881,0.06211632,-0.18117881,-1.0620429,-0.18117881,0.92079932,-0.18117881,-0.20335991
-0.17578125,-0.78045465,-0.17578125,-1.9046139,-0.17578125,-0.69827155,-0.17578125,-1.8224308,-0.17578125,0.061843344,-0.17578125,-1.0623159,-0.17578125,0.92084065,-0.17578125,-0.20331858
-0.17038369,-0.7835577,-0.17038369,-1.9077169,-0.17038369,-0.700702,-0.17038369,-1.8248612,-0.17038369,0.061697628,-0.17038369,-1.0624616,-0.17038369,0.92087015,-0.17038369,-0.20328908
-0.16946006,-0.78411083,-0.16946006,-1.9082701,-0.16946006,-0.70112475,-0.16946006,-1.825284,-0.16946006,0.061673781,-0.16946006,-1.0624854,-0.16946006,0.92087675,-0.16946006,-0.20328248
-0.1640625,-0.78730578,-0.1640625,-1.911465,-0.1640625,-0.70363679,-0.1640625,-1.827796,-0.1640625,0.06139051,-0.1640625,-1.0627687,-0.1640625,0.92090873,-0.1640625,-0.2032505
-0.15866494,-0.79044917,-0.15866494,-1.9146084,-0.15866494,-0.70608843,-0.15866494,-1.8302477,-0.15866494,0.061235861,-0.15866494,-1.0629234,-0.15866494,0.92092996,-0.15866494,-0.20322927
-0.15774131,-0.79100935,-0.15774131,-1.9151686,-0.15774131,-0.70651429,-0.15774131,-1.8306735,-0.15774131,0.061210058,-0.15774131,-1.0629492,-0.15774131,0.92093481,-0.15774131,-0.20322442
-0.15234375,-0.79424642,-0.15234375,-1.9184056,-0.15234375,-0.70904833,-0.15234375,-1.8332076,-0.15234375,0.060918796,-0.15234375,-1.0632404,-0.15234375,0.92095952,-0.15234375,-0.20319971
-0.14694619,-0.79743553,-0.14694619,-1.9215948,-0.14694619,-0.71152545,-0.14694619,-1.8356847,-0.14694619,0.060753477,-0.14694619,-1.0634058,-0.14694619,0.92097479,-0.14694619,-0.20318445
-0.14602256,-0.79800521,-0.14602256,-1.9221644,-0.14602256,-0.71195671,-0.14602256,-1.8361159,-0.14602256,0.060724027,-0.14602256,-1.0634352,-0.14602256,0.92097853,-0.14602256,-0.2031807
-0.140625,-0.80128971,-0.140625,-1.9254489,-0.140625,-0.71451691,-0.140625,-1.8386761,-0.140625,0.06042301,-0.140625,-1.0637362,-0.140625,0.92099804,-0.140625,-0.20316119
-0.13522744,-0.80452578,-0.13522744,-1.928685,-0.13522744,-0.71701919,-0.13522744,-1.8411784,-0.13522744,0.060249642,-0.13522744,-1.0639096,-0.13522744,0.92100858,-0.13522744,-0.20315065
-0.13430381,-0.80510402,-0.13430381,-1.9292633,-0.13430381,-0.71745446,-0.13430381,-1.8416137,-0.13430381,0.060218522,-0.13430381,-1.0639407,-0.13430381,0.9210113,-0.13430381,-0.20314793
-0.12890625,-0.80843713,-0.12890625,-1.9325964,-0.12890625,-0.72004044,-0.12890625,-1.8441997,-0.12890625,0.059910276,-0.12890625,-1.064249,-0.12890625,0.92102665,-0.12890625,-0.20313258
-0.12350868,-0.81172514,-0.12350868,-1.9358844,-0.12350868,-0.72257172,-0.12350868,-1.846731,-0.12350868,0.059727096,-0.12350868,-1.0644321,-0.12350868,0.92103389,-0.12350868,-0.20312534
-0.12258507,-0.81231427,-0.12258507,-1.9364735,-0.12258507,-0.72301321,-0.12258507,-1.8471724,-0.12258507,0.059692563,-0.12258507,-1.0644667,-0.12258507,0.92103603,-0.12258507,-0.2031232
-0.1171875,-0.81570102,-0.1171875,-1.9398602,-0.1171875,-0.72562878,-0.1171875,-1.849788,-0.1171875,0.059375246,-0.1171875,-1.064784,-0.1171875,0.9210485,-0.1171875,-0.20311073
-0.11178993,-0.8190421,-0.11178993,-1.9432013,-0.11178993,-0.72818854,-0.11178993,-1.8523478,-0.11178993,0.059184818,-0.11178993,-1.0649744,-0.11178993,0.92105303,-0.11178993,-0.20310621
-0.11086632,-0.81964121,-0.11086632,-1.9438004,-0.11086632,-0.72863484,-0.11086632,-1.8527941,-0.11086632,0.059148819,-0.11086632,-1.0650104,-0.11086632,0.92105454,-0.11086632,-0.20310469
-0.10546875,-0.82308267,-0.10546875,-1.9472419,-0.10546875,-0.73127939,-0.10546875,-1.8554386,-0.10546875,0.058824966,-0.10546875,-1.0653343,-0.10546875,0.92106462,-0.10546875,-0.20309461
-0.10007118,-0.82648143,-0.10007118,-1.9506407,-0.10007118,-0.73387098,-0.10007118,-1.8580302,-0.10007118,0.05862569,-0.10007118,-1.0655335,-0.10007118,0.92106732,-0.10007118,-0.20309191
-0.099147566,-0.82709265,-0.099147566,-1.9512519,-0.099147566,-0.73432407,-0.099147566,-1.8584833,-0.099147566,0.058586568,-0.099147566,-1.0655727,-0.099147566,0.92106856,-0.099147566,-0.20309067
-0.09375,-0.83059345,-0.09375,-1.9547527,-0.09375,-0.7370009,-0.09375,-1.8611601,-0.09375,0.058254542,-0.09375,-1.0659047,-0.09375,0.92107704,-0.09375,-0.20308219
-0.088352434,-0.83405082,-0.088352434,-1.95821,-0.088352434,-0.73962345,-0.088352434,-1.8637827,-0.088352434,0.058049133,-0.088352434,-1.0661101,-0.088352434,0.92107814,-0.088352434,-0.20308109
-0.087428816,-0.83467319,-0.087428816,-1.9588324,-0.087428816,-0.74008184,-0.087428816,-1.8642411,-0.087428816,0.058008921,-0.087428816,-1.0661503,-0.087428816,0.92107897,-0.087428816,-0.20308026
-0.08203125,-0.8382344,-0.08203125,-1.9623936,-0.08203125,-0.74279019,-0.08203125,-1.8669494,-0.08203125,0.057671258,-0.08203125,-1.066488,-0.08203125,0.92108602,-0.08203125,-0.20307321
-0.076633684,-0.8417552,-0.076633684,-1.9659144,-0.076633684,-0.74544731,-0.076633684,-1.8696065,-0.076633684,0.05745763,-0.076633684,-1.0667016,-0.076633684,0.92108612,-0.076633684,-0.20307311
-0.075710066,-0.84239093,-0.075710066,-1.9665502,-0.075710066,-0.74591313,-0.075710066,-1.8700724,-0.075710066,0.057414431,-0.075710066,-1.0667448,-0.075710066,0.92108683,-0.075710066,-0.2030724
-0.0703125,-0.84601754,-0.0703125,-1.9701768,-0.0703125,-0.74865673,-0.0703125,-1.872816,-0.0703125,0.057068874,-0.0703125,-1.0670904,-0.0703125,0.92109302,-0.0703125,-0.20306621
-0.064914934,-0.84960324,-0.064914934,-1.9737625,-0.064914934,-0.75134808,-0.064914934,-1.8755073,-0.064914934,0.056849142,-0.064914934,-1.0673101,-0.064914934,0.92109214,-0.064914934,-0.20306709
-0.063991316,-0.85025159,-0.063991316,-1.9744108,-0.063991316,-0.75182002,-0.063991316,-1.8759793,-0.063991316,0.056804765,-0.063991316,-1.0673545,-0.063991316,0.92109258,-0.063991316,-0.20306665
-0.05859375,-0.85394512,-0.05859375,-1.9781044,-0.05859375,-0.75459851,-0.05859375,-1.8787577,-0.05859375,0.056453396,-0.05859375,-1.0677058,-0.05859375,0.92109789,-0.05859375,-0.20306134
-0.053196188,-0.85760059,-0.053196188,-1.9817598,-0.053196188,-0.7573276,-0.053196188,-1.8814868,-0.053196188,0.056225466,-0.053196188,-1.0679338,-0.053196188,0.92109649,-0.053196188,-0.20306274
-0.052272562,-0.85826366,-0.052272562,-1.9824229,-0.052272562,-0.75780768,-0.052272562,-1.8819669,-0.052272562,0.056178089,-0.052272562,-1.0679811,-0.052272562,0.92109689,-0.052272562,-0.20306234
-0.046875,-0.86202908,-0.046875,-1.9861883,-0.046875,-0.76062454,-0.046875,-1.8847838,-0.046875,0.05581881,-0.046875,-1.0683404,-0.046875,0.92110175,-0.046875,-0.20305748
-0.041477438,-0.86575585,-0.041477438,-1.9899151,-0.041477438,-0.76339077,-0.041477438,-1.88755,-0.041477438,0.05558503,-0.041477438,-1.0685742,-0.041477438,0.9210997,-0.041477438,-0.20305953
-0.040553812,-0.86643291,-0.040553812,-1.9905921,-0.040553812,-0.76387759,-0.040553812,-1.8880368,-0.040553812,0.055536572,-0.040553812,-1.0686227,-0.040553812,0.9210999,-0.040553812,-0.20305933
-0.03515625,-0.87027187,-0.03515625,-1.9944311,-0.03515625,-0.76673226,-0.03515625,-1.8908915,-0.03515625,0.05517166,-0.03515625,-1.0689876,-0.03515625,0.92110417,-0.03515625,-0.20305506
-0.029758686,-0.87407497,-0.029758686,-1.9982342,-0.029758686,-0.76953908,-0.029758686,-1.8936983,-0.029758686,0.054929921,-0.029758686,-1.0692293,-0.029758686,0.92110183,-0.029758686,-0.2030574
-0.028835064,-0.87476815,-0.028835064,-1.9989274,-0.028835064,-0.77003464,-0.028835064,-1.8941939,-0.028835064,0.054878514,-0.028835064,-1.0692807,-0.028835064,0.92110205,-0.028835064,-0.20305718
-0.0234375,-0.87868586,-0.0234375,-2.0028451,-0.0234375,-0.77293061,-0.0234375,-1.8970898,-0.0234375,0.054505794,-0.0234375,-1.0696534,-0.0234375,0.92110606,-0.0234375,-0.20305317
-0.018039936,-0.8825672,-0.018039936,-2.0067264,-0.018039936,-0.77577752,-0.018039936,-1.8999368,-0.018039936,0.054258371,-0.018039936,-1.0699009,-0.018039936,0.92110327,-0.018039936,-0.20305596
-0.017116314,-0.88327591,-0.017116314,-2.0074351,-0.017116314,-0.77628049,-0.017116314,-1.9004397,-0.017116314,0.054205891,-0.017116314,-1.0699533,-0.017116314,0.92110331,-0.017116314,-0.20305592
-0.01171875,-0.8872744,-0.01171875,-2.0114336,-0.01171875,-0.77921724,-0.01171875,-1.9033765,-0.01171875,0.053827632,-0.01171875,-1.0703316,-0.01171875,0.92110689,-0.01171875,-0.20305235
-0.0063211867,-0.89123911,-0.0063211867,-2.0153983,-0.0063211867,-0.78210746,-0.0063211867,-1.9062667,-0.0063211867,0.053572603,-0.0063211867,-1.0705866,-0.0063211867,0.92110391,-0.0063211867,-0.20305532
-0.0053975633,-0.89196539,-0.0053975633,-2.0161246,-0.0053975633,-0.78261971,-0.0053975633,-1.9067789,-0.0053975633,0.053517283,-0.0053975633,-1.0706419,-0.0053975633,0.92110399,-0.0053975633,-0.20305524
0,-0.89604995,0,-2.0202092,0,-0.78560048,0,-1.9097597,0,0.053131534,0,-1.0710277,0,0.92110738,0,-0.20305185
0.0053975633,-0.90010022,0.0053975633,-2.0242594,0.0053975633,-0.78853341,0.0053975633,-1.9126926,0.0053975633,0.052871326,0.0053975633,-1.0712879,0.0053975633,0.92110399,0.0053975633,-0.20305524
0.0063211867,-0.90084355,0.0063211867,-2.0250028,0.0063211867,-0.78905356,0.0063211867,-1.9132128,0.0063211867,0.052815122,0.0063211867,-1.0713441,0.0063211867,0.92110391,0.0063211867,-0.20305533
0.01171875,-0.9050166,0.01171875,-2.0291758,0.01171875,-0.79207788,0.01171875,-1.9162371,0.01171875,0.05242414,0.01171875,-1.0717351,0.01171875,0.92110688,0.01171875,-0.20305235
0.017116314,-0.90915802,0.017116314,-2.0333172,0.017116314,-0.79505714,0.017116314,-1.9192164,0.017116314,0.052156347,0.017116314,-1.0720029,0.017116314,0.92110331,0.017116314,-0.20305592
0.018039936,-0.90992056,0.018039936,-2.0340798,0.018039936,-0.79558723,0.018039936,-1.9197465,0.018039936,0.052097256,0.018039936,-1.072062,0.018039936,0.92110327,0.018039936,-0.20305596
0.0234375,-0.91418799,0.0234375,-2.0383472,0.0234375,-0.79865891,0.0234375,-1.9228181,0.0234375,0.051698461,0.0234375,-1.0724608,0.0234375,0.92110606,0.0234375,-0.20305317
0.028835064,-0.91842352,0.028835064,-2.0425828,0.028835064,-0.80168452,0.028835064,-1.9258437,0.028835064,0.051424872,0.028835064,-1.0727344,0.028835064,0.92110205,0.028835064,-0.20305718
0.029758686,-0.91920499,0.029758686,-2.0433642,0.029758686,-0.80222339,0.029758686,-1.9263826,0.029758686,0.051364608,0.029758686,-1.0727946,0.029758686,0.92110183,0.029758686,-0.2030574
0.03515625,-0.92356999,0.03515625,-2.0477292,0.03515625,-0.80534246,0.03515625,-1.9295017,0.03515625,0.050959761,0.03515625,-1.0731995,0.03515625,0.92110416,0.03515625,-0.20305507
0.040553812,-0.92790566,0.040553812,-2.0520649,0.040553812,-0.8084181,0.040553812,-1.9325773,0.040553812,0.050677962,0.040553812,-1.0734813,0.040553812,0.9210999,0.040553812,-0.20305933
0.041477438,-0.92870822,0.041477438,-2.0528674,0.041477438,-0.80896772,0.041477438,-1.933127,0.041477438,0.050614604,0.041477438,-1.0735446,0.041477438,0.9210997,0.041477438,-0.20305953
0.046875,-0.9331771,0.046875,-2.0573363,0.046875,-0.8121379,0.046875,-1.9362971,0.046875,0.050201277,0.046875,-1.073958,0.046875,0.92110174,0.046875,-0.20305749
0.052272562,-0.93761646,0.052272562,-2.0617757,0.052272562,-0.81526353,0.052272562,-1.9394228,0.052272562,0.049913269,0.052272562,-1.074246,0.052272562,0.92109689,0.052272562,-0.20306234
0.053196188,-0.93843998,0.053196188,-2.0625992,0.053196188,-0.8158227,0.053196188,-1.9399819,0.053196188,0.049848624,0.053196188,-1.0743106,0.053196188,0.92109648,0.053196188,-0.20306275
0.05859375,-0.94301659,0.05859375,-2.0671758,0.05859375,-0.819044,0.05859375,-1.9432032,0.05859375,0.049428747,0.05859375,-1.0747305,0.05859375,0.92109789,0.05859375,-0.20306134
0.063991316,-0.94756626,0.063991316,-2.0717255,0.063991316,-0.82222339,0.063991316,-1.9463826,0.063991316,0.049132111,0.063991316,-1.0750271,0.063991316,0.92109257,0.063991316,-0.20306666
0.064914934,-0.94841298,0.064914934,-2.0725722,0.064914934,-0.82279409,0.064914934,-1.9469533,0.064914934,0.049064222,0.064914934,-1.075095,0.064914934,0.92109214,0.064914934,-0.20306709
0.0703125,-0.95310433,0.0703125,-2.0772636,0.0703125,-0.82607039,0.0703125,-1.9502296,0.0703125,0.048635298,0.0703125,-1.0755239,0.0703125,0.92109301,0.0703125,-0.20306622
0.075710066,-0.95776876,0.075710066,-2.081928,0.075710066,-0.82930369,0.075710066,-1.9534629,0.075710066,0.048331949,0.075710066,-1.0758273,0.075710066,0.92108682,0.075710066,-0.20307241
0.076633684,-0.95863881,0.076633684,-2.082798,0.076633684,-0.82988482,0.076633684,-1.9540441,0.076633684,0.048262568,0.076633684,-1.0758967,0.076633684,0.92108611,0.076633684,-0.20307312
0.08203125,-0.96344967,0.08203125,-2.0876089,0.08203125,-0.83321632,0.08203125,-1.9573756,0.08203125,0.047826496,0.08203125,-1.0763327,0.08203125,0.92108601,0.08203125,-0.20307322
0.087428816,-0.96823609,0.087428816,-2.0923953,0.087428816,-0.83650724,0.087428816,-1.9606665,0.087428816,0.047514216,0.087428816,-1.076645,0.087428816,0.92107895,0.087428816,-0.20308028
0.088352434,-0.96913176,0.088352434,-2.093291,0.088352434,-0.83710069,0.088352434,-1.9612599,0.088352434,0.047441498,0.088352434,-1.0767177,0.088352434,0.92107812,0.088352434,-0.20308111
0.09375,-0.9740698,0.09375,-2.098229,0.09375,-0.84049116,0.09375,-1.9646504,0.09375,0.046996017,0.09375,-1.0771632,0.09375,0.92107702,0.09375,-0.20308221
0.099147566,-0.97898355,0.099147566,-2.1031428,0.099147566,-0.8438399,0.099147566,-1.9679991,0.099147566,0.046676871,0.099147566,-1.0774824,0.099147566,0.92106854,0.099147566,-0.20309069
0.10007118,-0.97990519,0.10007118,-2.1040644,0.10007118,-0.84444456,0.10007118,-1.9686038,0.10007118,0.046602633,0.10007118,-1.0775566,0.10007118,0.9210673,0.10007118,-0.20309193
0.10546875,-0.9849762,0.10546875,-2.1091354,0.10546875,-0.84789436,0.10546875,-1.9720536,0.10546875,0.046149632,0.10546875,-1.0780096,0.10546875,0.9210646,0.10546875,-0.20309463
0.11086632,-0.99002536,0.11086632,-2.1141846,0.11086632,-0.85130505,0.11086632,-1.9754643,0.11086632,0.045820977,0.11086632,-1.0783383,0.11086632,0.92105452,0.11086632,-0.20310471
0.11178993,-0.99097534,0.11178993,-2.1151346,0.11178993,-0.85192297,0.11178993,-1.9760822,0.11178993,0.04574317,0.11178993,-1.0784161,0.11178993,0.921053,0.11178993,-0.20310623
0.1171875,-0.99618795,0.1171875,-2.1203472,0.1171875,-0.85543643,0.1171875,-1.9795957,0.1171875,0.045279816,0.1171875,-1.0788794,0.1171875,0.92104847,0.1171875,-0.20311076
0.12258507,-1.0013792,0.12258507,-2.1255384,0.12258507,-0.85890993,0.12258507,-1.9830692,0.12258507,0.044943117,0.12258507,-1.0792161,0.12258507,0.921036,0.12258507,-0.20312323
0.12350868,-1.0023582,0.12350868,-2.1265174,0.12350868,-0.85954022,0.12350868,-1.9836995,0.12350868,0.044863322,0.12350868,-1.0792959,0.12350868,0.92103386,0.12350868,-0.20312537
0.12890625,-1.0077196,0.12890625,-2.1318788,0.12890625,-0.8631183,0.12890625,-1.9872775,0.12890625,0.044391025,0.12890625,-1.0797682,0.12890625,0.92102662,0.12890625,-0.20313261
0.13430381,-1.0130621,0.13430381,-2.1372214,0.13430381,-0.86665891,0.13430381,-1.9908181,0.13430381,0.044043643,0.13430381,-1.0801156,0.13430381,0.92101126,0.13430381,-0.20314797
0.13522744,-1.0140727,0.13522744,-2.1382319,0.13522744,-0.86730356,0.13522744,-1.9914628,0.13522744,0.04395989,0.13522744,-1.0801993,0.13522744,0.92100854,0.13522744,-0.20315069
0.140625,-1.019593,0.140625,-2.1437522,0.140625,-0.87095066,0.140625,-1.9951099,0.140625,0.043475961,0.140625,-1.0806833,0.140625,0.92099799,0.140625,-0.20316124
0.14602256,-1.0250952,0.14602256,-2.1492544,0.14602256,-0.87455937,0.14602256,-1.9987186,0.14602256,0.043119535,0.14602256,-1.0810397,0.14602256,0.92097848,0.14602256,-0.20318075
0.14694619,-1.0261384,0.14694619,-2.1502976,0.14694619,-0.87521753,0.14694619,-1.9993768,0.14694619,0.043033474,0.14694619,-1.0811258,0.14694619,0.92097473,0.14694619,-0.2031845
0.15234375,-1.0318266,0.15234375,-2.1559859,0.15234375,-0.87893478,0.15234375,-2.003094,0.15234375,0.042539448,0.15234375,-1.0816198,0.15234375,0.92095946,0.15234375,-0.20319977
0.15774131,-1.0374995,0.15774131,-2.1616588,0.15774131,-0.8826161,0.15774131,-2.0067753,0.15774131,0.042171344,0.15774131,-1.0819879,0.15774131,0.92093474,0.15774131,-0.2032245
0.15866494,-1.0385782,0.15866494,-2.1627374,0.15866494,-0.8832898,0.15866494,-2.007449,0.15866494,0.04208098,0.15866494,-1.0820783,0.15866494,0.92092988,0.15866494,-0.20322935
0.1640625,-1.0444462,0.1640625,-2.1686055,0.1640625,-0.88708189,0.1640625,-2.0112411,0.1640625,0.041574103,0.1640625,-1.0825851,0.1640625,0.92090864,0.1640625,-0.20325059
0.16946006,-1.0503005,0.16946006,-2.1744597,0.16946006,-0.89083721,0.16946006,-2.0149964,0.16946006,0.04119586,0.16946006,-1.0829634,0.16946006,0.92087665,0.16946006,-0.20328259
0.17038369,-1.0514162,0.17038369,-2.1755754,0.17038369,-0.89152575,0.17038369,-2.015685,0.17038369,0.041102774,0.17038369,-1.0830565,0.17038369,0.92087004,0.17038369,-0.20328919
0.17578125,-1.0574757,0.17578125,-2.181635,0.17578125,-0.89539418,0.17578125,-2.0195534,0.17578125,0.040584527,0.17578125,-1.0835747,0.17578125,0.92084053,0.17578125,-0.2033187
0.18117881,-1.0635246,0.18117881,-2.1876838,0.18117881,-0.89922811,0.18117881,-2.0233873,0.18117881,0.040193716,0.18117881,-1.0839655,0.18117881,0.92079919,0.18117881,-0.20336005
0.18210244,-1.0646804,0.18210244,-2.1888396,0.18210244,-0.89993346,0.18210244,-2.0240927,0.18210244,0.040096027,0.18210244,-1.0840632,0.18210244,0.92079054,0.18210244,-0.20336869
0.1875,-1.0709459,0.1875,-2.1951051,0.1875,-0.90388301,0.1875,-2.0280422,0.1875,0.039563887,0.1875,-1.0845953,0.1875,0.92075034,0.1875,-0.20340889
0.19289756,-1.0772031,0.19289756,-2.2013623,0.19289756,-0.90779719,0.19289756,-2.0319564,0.19289756,0.039162193,0.19289756,-1.084997,0.19289756,0.92069617,0.19289756,-0.20346306
0.19382119,-1.0784013,0.19382119,-2.2025606,0.19382119,-0.90851869,0.19382119,-2.0326779,0.19382119,0.039061531,0.19382119,-1.0850977,0.19382119,0.9206845,0.19382119,-0.20347473
0.19921875,-1.0848877,0.19921875,-2.209047,0.19921875,-0.91255122,0.19921875,-2.0367105,0.19921875,0.038516982,0.19921875,-1.0856422,0.19921875,0.92062972,0.19921875,-0.20352951
0.20461631,-1.0913695,0.20461631,-2.2155287,0.20461631,-0.9165507,0.20461631,-2.0407099,0.20461631,0.038101677,0.20461631,-1.0860576,0.20461631,0.92055893,0.20461631,-0.2036003
0.20553994,-1.0926135,0.20553994,-2.2167727,0.20553994,-0.91729045,0.20553994,-2.0414497,0.20553994,0.037996008,0.20553994,-1.0861632,0.20553994,0.92054358,0.20553994,-0.20361565
0.2109375,-1.0993385,0.2109375,-2.2234978,0.2109375,-0.9214113,0.2109375,-2.0455705,0.2109375,0.037436094,0.2109375,-1.0867231,0.2109375,0.92046983,0.2109375,-0.2036894
0.21633506,-1.1060629,0.21633506,-2.2302222,0.21633506,-0.92549843,0.21633506,-2.0496577,0.21633506,0.037008381,0.21633506,-1.0871508,0.21633506,0.92037654,0.21633506,-0.20378269
0.21725869,-1.1073558,0.21725869,-2.231515,0.21725869,-0.92625602,0.21725869,-2.0504152,0.21725869,0.036899129,0.21725869,-1.0872601,0.21725869,0.92035595,0.21725869,-0.20380328
0.22265625,-1.1143396,0.22265625,-2.2384988,0.22265625,-0.93046773,0.22265625,-2.054627,0.22265625,0.036324932,0.22265625,-1.0878343,0.22265625,0.92025662,0.22265625,-0.20390261
0.22805381,-1.1213282,0.22805381,-2.2454875,0.22805381,-0.93464792,0.22805381,-2.0588071,0.22805381,0.035882112,0.22805381,-1.0882771,0.22805381,0.92013392,0.22805381,-0.20402531
0.22897744,-1.1226742,0.22897744,-2.2468334,0.22897744,-0.93542543,0.22897744,-2.0595847,0.22897744,0.035767318,0.22897744,-1.0883919,0.22897744,0.92010676,0.22897744,-0.20405247
0.234375,-1.1299407,0.234375,-2.2541,0.234375,-0.93973367,0.234375,-2.0638929,0.234375,0.035176002,0.234375,-1.0889832,0.234375,0.91997391,0.234375,-0.20418532
0.23977256,-1.1372197,0.23977256,-2.2613789,0.23977256,-0.94400973,0.23977256,-2.068169,0.23977256,0.034719406,0.23977256,-1.0894398,0.23977256,0.91981167,0.23977256,-0.20434756
0.24069619,-1.1386236,0.24069619,-2.2627828,0.24069619,-0.94480689,0.24069619,-2.0689661,0.24069619,0.034600528,0.24069619,-1.0895587,0.24069619,0.91977535,0.24069619,-0.20438388
0.24609375,-1.1462017,0.24609375,-2.2703609,0.24609375,-0.94921475,0.24609375,-2.073374,0.24609375,0.033993245,0.24609375,-1.090166,0.24609375,0.91959759,0.24609375,-0.20456164
0.25149131,-1.1538015,0.25149131,-2.2779608,0.25149131,-0.95359253,0.25149131,-2.0777518,0.25149131,0.033520183,0.25149131,-1.090639,0.25149131,0.91938372,0.25149131,-0.20477551
0.25241494,-1.1552689,0.25241494,-2.2794282,0.25241494,-0.9544115,0.25241494,-2.0785707,0.25241494,0.033395241,0.25241494,-1.090764,0.25241494,0.91933581,0.25241494,-0.20482342
0.2578125,-1.1631928,0.2578125,-2.287352,0.2578125,-0.95892518,0.2578125,-2.0830844,0.2578125,0.032769091,0.2578125,-1.0913901,0.2578125,0.91909937,0.2578125,-0.20505986
0.26321006,-1.1711524,0.26321006,-2.2953116,0.26321006,-0.96340821,0.26321006,-2.0875674,0.26321006,0.032280784,0.26321006,-1.0918784,0.26321006,0.91881673,0.26321006,-0.2053425
0.26413369,-1.1726908,0.26413369,-2.29685,0.26413369,-0.96424895,0.26413369,-2.0884082,0.26413369,0.032151154,0.26413369,-1.0920081,0.26413369,0.91875299,0.26413369,-0.20540625
0.26953125,-1.1810038,0.26953125,-2.305163,0.26953125,-0.96887227,0.26953125,-2.0930315,0.26953125,0.031507196,0.26953125,-1.092652,0.26953125,0.91843868,0.26953125,-0.20572055
0.27492881,-1.1893695,0.27492881,-2.3135287,0.27492881,-0.97346681,0.27492881,-2.097626,0.27492881,0.031001143,0.27492881,-1.0931581,0.27492881,0.91806665,0.27492881,-0.20609258
0.27585244,-1.1909872,0.27585244,-2.3151464,0.27585244,-0.97433148,0.27585244,-2.0984907,0.27585244,0.030864938,0.27585244,-1.0932943,0.27585244,0.91798283,0.27585244,-0.2061764
0.28125,-1.1997409,0.28125,-2.3239001,0.28125,-0.97907107,0.28125,-2.1032303,0.28125,0.030200465,0.28125,-1.0939588,0.28125,0.91756733,0.28125,-0.2065919
0.28664756,-1.2085738,0.28664756,-2.3327331,0.28664756,-0.98378127,0.28664756,-2.1079405,0.28664756,0.029678019,0.28664756,-1.0944812,0.28664756,0.91707755,0.28664756,-0.20708168
0.28757119,-1.2102832,0.28757119,-2.3344424,0.28757119,-0.98467005,0.28757119,-2.1088293,0.28757119,0.029536638,0.28757119,-1.0946226,0.28757119,0.91696672,0.28757119,-0.20719251
0.29296875,-1.2195464,0.29296875,-2.3437056,0.29296875,-0.98953044,0.29296875,-2.1136897,0.29296875,0.028852721,0.29296875,-1.0953065,0.29296875,0.91641858,0.29296875,-0.20774065
0.29836631,-1.2289195,0.29836631,-2.3530788,0.29836631,-0.99436308,0.29836631,-2.1185223,0.29836631,0.028311254,0.29836631,-1.095848,0.29836631,0.9157775,0.29836631,-0.20838173
0.29928994,-1.2307335,0.29928994,-2.3548927,0.29928994,-0.99527817,0.29928994,-2.1194374,0.29928994,0.028162726,0.29928994,-1.0959965,0.29928994,0.91563285,0.29928994,-0.20852638
0.3046875,-1.240587,0.3046875,-2.3647462,0.3046875,-1.0002666,0.3046875,-2.1244259,0.3046875,0.027456408,0.3046875,-1.0967028,0.3046875,0.91491447,0.3046875,-0.20924476
0.31008506,-1.2505994,0.31008506,-2.3747586,0.31008506,-1.0052268,0.31008506,-2.129386,0.31008506,0.026896967,0.31008506,-1.0972623,0.31008506,0.91407695,0.31008506,-0.21008228
0.31100869,-1.2525386,0.31100869,-2.3766979,0.31100869,-1.0061687,0.31100869,-2.1303279,0.31100869,0.026742531,0.31100869,-1.0974167,0.31100869,0.9138877,0.31100869,-0.21027153
0.31640625,-1.2630955,0.31640625,-2.3872547,0.31640625,-1.0112907,0.31640625,-2.13545,0.31640625,0.026014581,0.31640625,-1.0981446,0.31640625,0.91294926,0.31640625,-0.21120997
0.32180381,-1.2738701,0.32180381,-2.3980293,0.32180381,-1.0163859,0.32180381,-2.1405451,0.32180381,0.025434559,0.32180381,-1.0987247,0.32180381,0.91186204,0.32180381,-0.21229719
0.32272744,-1.2759574,0.32272744,-2.4001167,0.32272744,-1.0173568,0.32272744,-2.1415161,0.32272744,0.025272279,0.32272744,-1.098887,0.32272744,0.91161741,0.32272744,-0.21254182
0.328125,-1.2873539,0.328125,-2.4115132,0.328125,-1.0226207,0.328125,-2.1467799,0.328125,0.024519763,0.328125,-1.0996395,0.328125,0.91039974,0.328125,-0.2137595
0.33352256,-1.2990588,0.33352256,-2.423218,0.33352256,-1.027857,0.33352256,-2.1520162,0.33352256,0.02392021,0.33352256,-1.100239,0.33352256,0.90899283,0.33352256,-0.2151664
0.33444619,-1.3013307,0.33444619,-2.42549,0.33444619,-1.0288579,0.33444619,-2.1530172,0.33444619,0.023751289,0.33444619,-1.1004079,0.33444619,0.90867646,0.33444619,-0.21548277
0.33984375,-1.3137597,0.33984375,-2.4379189,0.33984375,-1.0342703,0.33984375,-2.1584295,0.33984375,0.02297488,0.33984375,-1.1011844,0.33984375,0.90710321,0.33984375,-0.21705602
0.34524131,-1.3266085,0.34524131,-2.4507678,0.34524131,-1.0396562,0.34524131,-2.1638154,0.34524131,0.02235312,0.34524131,-1.1018061,0.34524131,0.90529605,0.34524131,-0.21886318
0.34616494,-1.3291061,0.34616494,-2.4532653,0.34616494,-1.0406896,0.34616494,-2.1648488,0.34616494,0.022175568,0.34616494,-1.1019837,0.34616494,0.90489221,0.34616494,-0.21926702
0.3515625,-1.3428054,0.3515625,-2.4669646,0.3515625,-1.0462596,0.3515625,-2.1704188,0.3515625,0.02137214,0.3515625,-1.1027871,0.3515625,0.90287487,0.3515625,-0.22128436
0.35696006,-1.3570888,0.35696006,-2.4812481,0.35696006,-1.0518027,0.35696006,-2.175962,0.35696006,0.020728964,0.35696006,-1.1034303,0.35696006,0.90056355,0.35696006,-0.22359568
0.35788369,-1.3598754,0.35788369,-2.4840347,0.35788369,-1.0528699,0.35788369,-2.1770291,0.35788369,0.020543826,0.35788369,-1.1036154,0.35788369,0.90004875,0.35788369,-0.22411048
0.36328125,-1.3751791,0.36328125,-2.4993384,0.36328125,-1.058606,0.36328125,-2.1827652,0.36328125,0.019713711,0.36328125,-1.1044455,0.36328125,0.8974745,0.36328125,-0.22668473
0.36867881,-1.3912785,0.36867881,-2.5154377,0.36867881,-1.0643158,0.36867881,-2.188475,0.36867881,0.019046319,0.36867881,-1.1051129,0.36867881,0.89453929,0.36867881,-0.22961994
0.36960244,-1.3944299,0.36960244,-2.5185891,0.36960244,-1.0654195,0.36960244,-2.1895787,0.36960244,0.018851562,0.36960244,-1.1053077,0.36960244,0.89389091,0.36960244,-0.23026832
0.375,-1.411771,0.375,-2.5359302,0.375,-1.0713321,0.375,-2.1954913,0.375,0.017991391,0.375,-1.1061678,0.375,0.89062828,0.375,-0.23353095
0.38039756,-1.430214,0.38039756,-2.5543732,0.38039756,-1.077218,0.38039756,-2.2013772,0.38039756,0.017300217,0.38039756,-1.106859,0.38039756,0.88691373,0.38039756,-0.2372455
0.38132119,-1.4338446,0.38132119,-2.5580038,0.38132119,-1.0783603,0.38132119,-2.2025195,0.38132119,0.017096701,0.38132119,-1.1070625,0.38132119,0.88609783,0.38132119,-0.2380614
0.38671875,-1.4538318,0.38671875,-2.577991,0.38671875,-1.0844597,0.38671875,-2.2086189,0.38671875,0.016206226,0.38671875,-1.107953,0.38671875,0.88197687,0.38671875,-0.24218236
0.39211631,-1.4753287,0.39211631,-2.599488,0.39211631,-1.0905323,0.39211631,-2.2146916,0.39211631,0.015487845,0.39211631,-1.1086714,0.39211631,0.87729829,0.39211631,-0.24686094
0.39303994,-1.4795781,0.39303994,-2.6037373,0.39303994,-1.0917164,0.39303994,-2.2158756,0.39303994,0.015273294,0.39303994,-1.1088859,0.39303994,0.87628124,0.39303994,-0.24787799
0.3984375,-1.5030274,0.3984375,-2.6271866,0.3984375,-1.0980146,0.3984375,-2.2221738,0.3984375,0.014348183,0.3984375,-1.109811,0.3984375,0.87109491,0.3984375,-0.25306432
0.40383506,-1.5285881,0.40383506,-2.6527473,0.40383506,-1.1042862,0.40383506,-2.2284454,0.40383506,0.01360167,0.40383506,-1.1105576,0.40383506,0.86519875,0.40383506,-0.25896049
0.40475869,-1.5336692,0.40475869,-2.6578284,0.40475869,-1.1055155,0.40475869,-2.2296747,0.40475869,0.013376402,0.40475869,-1.1107828,0.40475869,0.86392738,0.40475869,-0.26023185
0.41015625,-1.5617571,0.41015625,-2.6859163,0.41015625,-1.1120264,0.41015625,-2.2361857,0.41015625,0.012414556,0.41015625,-1.1117447,0.41015625,0.8573882,0.41015625,-0.26677103
0.41555381,-1.5927921,0.41555381,-2.7169514,0.41555381,-1.1185117,0.41555381,-2.242671,0.41555381,0.011634253,0.41555381,-1.112525,0.41555381,0.8499411,0.41555381,-0.27421813
0.41647744,-1.5989717,0.41647744,-2.7231309,0.41647744,-1.119791,0.41647744,-2.2439503,0.41647744,0.011395201,0.41647744,-1.112764,0.41647744,0.84835528,0.41647744,-0.27580395
0.421875,-1.6333513,0.421875,-2.7575105,0.421875,-1.1265325,0.421875,-2.2506918,0.421875,0.010389308,0.421875,-1.1137699,0.421875,0.84007246,0.421875,-0.28408677
0.42727256,-1.6719566,0.42727256,-2.7961159,0.42727256,-1.1332531,0.42727256,-2.2574124,0.42727256,0.0095703024,0.42727256,-1.1145889,0.42727256,0.83057401,0.42727256,-0.29358522
0.42819619,-1.6796465,0.42819619,-2.8038057,0.42819619,-1.1345904,0.42819619,-2.2587497,0.42819619,0.0093162963,0.42819619,-1.1148429,0.42819619,0.82857436,0.42819619,-0.29558488
0.43359375,-1.7227752,0.43359375,-2.8469345,0.43359375,-1.1415889,0.43359375,-2.2657482,0.43359375,0.0082592837,0.43359375,-1.1158999,0.43359375,0.81795233,0.43359375,-0.3062069
0.43899131,-1.771942,0.43899131,-2.8961012,0.43899131,-1.1485772,0.43899131,-2.2727364,0.43899131,0.0073900689,0.43899131,-1.1167692,0.43899131,0.80566553,0.43899131,-0.3184937
0.43991494,-1.7816586,0.43991494,-2.9058179,0.43991494,-1.1499844,0.43991494,-2.2741436,0.43991494,0.0071159281,0.43991494,-1.1170433,0.43991494,0.80312543,0.43991494,-0.3210338
0.4453125,-1.8371018,0.4453125,-2.9612611,0.4453125,-1.1572842,0.4453125,-2.2814435,0.4453125,0.0059936068,0.4453125,-1.1181656,0.4453125,0.78925797,0.4453125,-0.33490126
0.45071006,-1.9014947,0.45071006,-3.0256539,0.45071006,-1.1646104,0.45071006,-2.2887697,0.45071006,0.0050615052,0.45071006,-1.1190977,0.45071006,0.77298146,0.45071006,-0.35117777
0.45163369,-1.9140302,0.45163369,-3.0381894,0.45163369,-1.1661142,0.45163369,-2.2902735,0.45163369,0.0047624052,0.45163369,-1.1193968,0.45163369,0.76969179,0.45163369,-0.35446745
0.45703125,-1.9876151,0.45703125,-3.1117743,0.45703125,-1.1738183,0.45703125,-2.2979775,0.45703125,0.0035617254,0.45703125,-1.1205975,0.45703125,0.75107817,0.45703125,-0.37308106
0.46242881,-2.074868,0.46242881,-3.1990273,0.46242881,-1.1816515,0.46242881,-2.3058107,0.46242881,0.0025566184,0.46242881,-1.1216026,0.46242881,0.72886536,0.46242881,-0.39529387
0.46335244,-2.0912455,0.46335244,-3.2154047,0.46335244,-1.1833063,0.46335244,-2.3074655,0.46335244,0.0022228264,0.46335244,-1.1219364,0.46335244,0.72454701,0.46335244,-0.39961222
0.46875,-2.192766,0.46875,-3.3169253,0.46875,-1.1916917,0.46875,-2.3158509,0.46875,0.00095094904,0.46875,-1.1232083,0.46875,0.69871056,0.46875,-0.42544867
0.47414756,-2.3155641,0.47414756,-3.4397234,0.47414756,-1.2005633,0.47414756,-2.3247226,0.47414756,-7.4060095e-05,0.47414756,-1.1242333,0.47414756,0.6673165,0.47414756,-0.45684273
0.47507119,-2.3370359,0.47507119,-3.4611952,0.47507119,-1.2025128,0.47507119,-2.3266721,0.47507119,-0.00045651604,0.47507119,-1.1246157,0.47507119,0.66158866,0.47507119,-0.46257057
0.48046875,-2.4819147,0.48046875,-3.606074,0.48046875,-1.2125148,0.48046875,-2.336674,0.48046875,-0.001644761,0.48046875,-1.125804,0.48046875,0.62449383,0.48046875,-0.49966541
0.48586631,-2.6560969,0.48586631,-3.7802561,0.48586631,-1.2242253,0.48586631,-2.3483845,0.48586631,-0.0024000655,0.48586631,-1.1265593,0.48586631,0.57928584,0.48586631,-0.54487339
0.48678994,-2.6828181,0.48678994,-3.8069773,0.48678994,-1.2267911,0.48678994,-2.3509504,0.48678994,-0.0028907806,0.48678994,-1.12705,0.48678994,0.57193458,0.48678994,-0.55222465
0.4921875,-2.8827336,0.4921875,-4.0068928,0.4921875,-1.2416358,0.4921875,-2.3657951,0.4921875,-0.0036086263,0.4921875,-1.1277679,0.4921875,0.51900121,0.4921875,-0.60515802
0.49758506,-3.0983987,0.49758506,-4.2225579,0.49758506,-1.2616403,0.49758506,-2.3857995,0.49758506,-0.0047018871,0.49758506,-1.1288611,0.49758506,0.45888457,0.49758506,-0.66527466
0.4982008,-3.1178763,0.4982008,-4.2420355,0.4982008,-1.2639274,0.4982008,-2.3880866,0.4982008,-0.0051851435,0.4982008,-1.1293444,0.4982008,0.45326104,0.4982008,-0.6708982
0.5,-3.1886894,0.5,-4.3128486,0.5,-1.2718194,0.5,-2.3959786,0.5,-0.0059988717,0.5,-1.1301581,0.5,0.43273624,0.5,-0.69142299
0.5,-3.1886894,0.5,-4.3128486,0.5,-1.2718194,0.5,-2.3959786,0.5,-0.0059988717,0.5,-1.1301581,0.5,0.43273624,0.5,-0.69142299
0.50030786,-3.1981924,0.50030786,-4.3223516,0.50030786,-1.2731562,0.50030786,-2.3973155,0.50030786,-0.0063369014,0.50030786,-1.1304961,0.50030786,0.42987859,0.50030786,-0.69428064
0.50390625,-3.3338376,0.50390625,-4.4579969,0.50390625,-1.2905154,0.50390625,-2.4146746,0.50390625,-0.0088894797,0.50390625,-1.1330487,0.50390625,0.38930248,0.50390625,-0.73485675
0.50930381,-3.5059615,0.50930381,-4.6301207,0.50930381,-1.3158369,0.50930381,-2.4399961,0.50930381,-0.012971377,0.50930381,-1.1371306,0.50930381,0.33685205,0.50930381,-0.78730718
0.51022744,-3.5295009,0.51022744,-4.6536601,0.51022744,-1.3195624,0.51022744,-2.4437216,0.51022744,-0.013850757,0.51022744,-1.13801,0.51022744,0.32982062,0.51022744,-0.79433861
0.515625,-3.6643978,0.515625,-4.7885571,0.515625,-1.3418714,0.515625,-2.4660307,0.515625,-0.017844286,0.515625,-1.1420035,0.515625,0.28896289,0.515625,-0.83519634
0.52102256,-3.7652357,0.52102256,-4.889395,0.52102256,-1.3599087,0.52102256,-2.484068,0.52102256,-0.021113298,0.52102256,-1.1452725,0.52102256,0.25906829,0.52102256,-0.86509094
0.52194619,-3.7812601,0.52194619,-4.9054193,0.52194619,-1.362746,0.52194619,-2.4869052,0.52194619,-0.021716098,0.52194619,-1.1458753,0.52194619,0.25451668,0.52194619,-0.86964255
0.52734375,-3.8619097,0.52734375,-4.9860689,0.52734375,-1.3777505,0.52734375,-2.5019097,0.52734375,-0.024449368,0.52734375,-1.1486086,0.52734375,0.23179891,0.52734375,-0.89236032
0.52826738,-3.8736756,0.52826738,-4.9978348,0.52826738,-1.3798336,0.52826738,-2.5039928,0.52826738,-0.024870652,0.52826738,-1.1490299,0.52826738,0.22885259,0.52826738,-0.89530664
0.5390625,-3.9915741,0.5390625,-5.1157333,0.5390625,-1.4014778,0.5390625,-2.525637,0.5390625,-0.02875122,0.5390625,-1.1529105,0.5390625,0.20008253,0.5390625,-0.9240767
0.54538369,-4.0463761,0.54538369,-5.1705353,0.54538369,-1.4101421,0.54538369,-2.5343013,0.54538369,-0.030388338,0.54538369,-1.1545476,0.54538369,0.18909007,0.54538369,-0.93506916
0.55078125,-4.0712303,0.55078125,-5.1953896,0.55078125,-1.4142722,0.55078125,-2.5384314,0.55078125,-0.031115066,0.55078125,-1.1552743,0.55078125,0.18418752,0.55078125,-0.93997171
0.55710244,-4.1184795,0.55710244,-5.2426387,0.55710244,-1.4204006,0.55710244,-2.5445598,0.55710244,-0.032322932,0.55710244,-1.1564822,0.55710244,0.17692638,0.55710244,-0.94723285
0.5625,-4.1368944,0.5625,-5.2610536,0.5625,-1.4228791,0.5625,-2.5470384,0.5625,-0.032782624,0.5625,-1.1569419,0.5625,0.17421521,0.5625,-0.94994402
0.57514238,-4.2004882,0.57514238,-5.3246475,0.57514238,-1.4284298,0.57514238,-2.552589,0.57514238,-0.03393676,0.57514238,-1.158096,0.57514238,0.16879077,0.57514238,-0.95536847
0.5859375,-4.2240672,0.5859375,-5.3482265,0.5859375,-1.4306201,0.5859375,-2.5547793,0.5859375,-0.034382044,0.5859375,-1.1585413,0.5859375,0.16685848,0.5859375,-0.95730075
0.60295236,-4.2773289,0.60295236,-5.4014881,0.60295236,-1.4335037,0.60295236,-2.5576629,0.60295236,-0.035058491,0.60295236,-1.1592177,0.60295236,0.164761,0.60295236,-0.95939823
0.609375,-4.2773289,0.609375,-5.4014881,0.609375,-1.4335037,0.609375,-2.5576629,0.609375,-0.035058491,0.609375,-1.1592177,0.609375,0.164761,0.609375,-0.95939823
0.62222022,-4.2773289,0.62222022,-5.4014881,0.62222022,-1.4335037,0.62222022,-2.5576629,0.62222022,-0.035058491,0.62222022,-1.1592177,0.62222022,0.164761,0.62222022,-0.95939823
0.65625,-4.3228123,0.65625,-5.4469715,0.65625,-1.4351506,0.65625,-2.5593098,0.65625,-0.035553552,0.65625,-1.1597128,0.65625,0.16416461,0.65625,-0.95999462
0.6873287,-4.3341263,0.6873287,-5.4582856,0.6873287,-1.4356299,0.6873287,-2.5597891,0.6873287,-0.035752634,0.6873287,-1.1599119,0.6873287,0.16410965,0.6873287,-0.96004958
0.75,-4.3341263,0.75,-5.4582856,0.75,-1.4356299,0.75,-2.5597891,0.75,-0.035752634,0.75,-1.1599119,0.75,0.16410965,0.75,-0.96004958
0.7810787,-4.3353189,0.7810787,-5.4594781,0.7810787,-1.4357663,0.7810787,-2.5599255,0.7810787,-0.035819053,0.7810787,-1.1599783,0.7810787,0.16410771,0.7810787,-0.96005152
0.84375,-4.3353189,0.84375,-5.4594781,0.84375,-1.4357663,0.84375,-2.5599255,0.84375,-0.035819053,0.84375,-1.1599783,0.84375,0.16410771,0.84375,-0.96005152
0.8748287,-4.3356224,0.8748287,-5.4597816,0.8748287,-1.4358207,0.8748287,-2.55998,0.8748287,-0.035848017,0.8748287,-1.1600072,0.8748287,0.16410765,0.8748287,-0.96005159
0.9375,-4.3356224,0.9375,-5.4597816,0.9375,-1.4358207,0.9375,-2.55998,0.9375,-0.035848017,0.9375,-1.1600072,0.9375,0.16410765,0.9375,-0.96005159
0.9685787,-4.3357439,0.9685787,-5.4599032,0.9685787,-1.4358474,0.9685787,-2.5600066,0.9685787,-0.035863093,0.9685787,-1.1600223,0.9685787,0.16410764,0.9685787,-0.96005159
1.03125,-4.3357439,1.03125,-5.4599032,1.03125,-1.4358474,1.03125,-2.5600066,1.03125,-0.035863093,1.03125,-1.1600223,1.03125,0.16410764,1.03125,-0.96005159
1.0623287,-4.335803,1.0623287,-5.4599622,1.0623287,-1.4358622,1.0623287,-2.5600215,1.0623287,-0.035871868,1.0623287,-1.1600311,1.0623287,0.16410764,1.0623287,-0.96005159
1.125,-4.335803,1.125,-5.4599622,1.125,-1.4358622,1.125,-2.5600215,1.125,-0.035871868,1.125,-1.1600311,1.125,0.16410764,1.125,-0.96005159
1.1560787,-4.3358347,1.1560787,-5.4599939,1.1560787,-1.4358711,1.1560787,-2.5600303,1.1560787,-0.035877252,1.1560787,-1.1600365,1.1560787,0.16410764,1.1560787,-0.96005159
1.21875,-4.3358347,1.21875,-5.4599939,1.21875,-1.4358711,1.21875,-2.5600303,1.21875,-0.035877252,1.21875,-1.1600365,1.21875,0.16410764,1.21875,-0.96005159
1.2498287,-4.3358523,1.2498287,-5.4600115,1.2498287,-1.4358763,1.2498287,-2.5600355,1.2498287,-0.035880527,1.2498287,-1.1600398,1.2498287,0.16410764,1.2498287,-0.96005159
1.3125,-4.3358523,1.3125,-5.4600115,1.3125,-1.4358763,1.3125,-2.5600355,1.3125,-0.035880527,1.3125,-1.1600398,1.3125,0.16410764,1.3125,-0.96005159
1.3435787,-4.3358612,1.3435787,-5.4600204,1.3435787,-1.4358791,1.3435787,-2.5600383,1.3435787,-0.035882304,1.3435787,-1.1600415,1.3435787,0.16410764,1.3435787,-0.96005159
1.40625,-4.3358612,1.40625,-5.4600204,1.40625,-1.4358791,1.40625,-2.5600383,1.40625,-0.035882304,1.40625,-1.1600415,1.40625,0.16410764,1.40625,-0.96005159
1.4373287,-4.335864,1.4373287,-5.4600232,1.4373287,-1.43588,1.4373287,-2.5600392,1.4373287,-0.03588287,1.4373287,-1.1600421,1.4373287,0.16410764,1.4373287,-0.96005159

